{"cameraMode":{"drawMode":0,"name":"Shaded","section":"Shading Mode"},"sceneLighting":false,"audioPlay":false,"sceneViewState":{"showFog":true,"showMaterialUpdate":false,"showSkybox":false,"showFlares":true,"showImageEffects":true,"showParticleSystems":true},"in2DMode":false,"pivot":{"x":148.67127990722657,"y":74.66865539550781,"z":-76.99927520751953},"rotation":{"x":-0.03998482972383499,"y":0.9349333047866821,"z":-0.33441030979156496,"w":-0.11186230927705765},"size":5.976936340332031,"orthographic":false}