{"cameraMode":{"drawMode":0,"name":"Shaded","section":"Shading Mode"},"sceneLighting":true,"audioPlay":false,"sceneViewState":{"showFog":true,"showMaterialUpdate":false,"showSkybox":true,"showFlares":true,"showImageEffects":true,"showParticleSystems":true},"in2DMode":false,"pivot":{"x":8.210443496704102,"y":0.08007574081420899,"z":-32.23952102661133},"rotation":{"x":-0.012338854372501374,"y":-0.9832012057304382,"z":0.07239167392253876,"w":-0.1673973947763443},"size":21.21320343017578,"orthographic":false}