{"cameraMode":{"drawMode":0,"name":"Shaded","section":"Shading Mode"},"sceneLighting":true,"audioPlay":false,"sceneViewState":{"showFog":true,"showMaterialUpdate":false,"showSkybox":true,"showFlares":true,"showImageEffects":true,"showParticleSystems":true},"in2DMode":false,"pivot":{"x":251.31924438476563,"y":717.6982421875,"z":-161.1105499267578},"rotation":{"x":0.1107005700469017,"y":-0.03576851263642311,"z":0.00398697005584836,"w":0.9932058453559876},"size":77.9893569946289,"orthographic":false}