{"cameraMode":{"drawMode":0,"name":"Shaded","section":"Shading Mode"},"sceneLighting":false,"audioPlay":false,"sceneViewState":{"showFog":true,"showMaterialUpdate":false,"showSkybox":false,"showFlares":true,"showImageEffects":true,"showParticleSystems":true},"in2DMode":false,"pivot":{"x":-13.019789695739746,"y":-0.3656788766384125,"z":-28.89905548095703},"rotation":{"x":0.010764602571725846,"y":-0.9794797897338867,"z":0.05441700667142868,"w":0.1937585026025772},"size":20.78752899169922,"orthographic":false}