{"cameraMode":{"drawMode":0,"name":"Shaded","section":"Shading Mode"},"sceneLighting":true,"audioPlay":false,"sceneViewState":{"showFog":true,"showMaterialUpdate":false,"showSkybox":true,"showFlares":true,"showImageEffects":true,"showParticleSystems":true},"in2DMode":false,"pivot":{"x":6.522993564605713,"y":7.716705799102783,"z":0.5275172591209412},"rotation":{"x":0.01905231364071369,"y":0.8363391160964966,"z":-0.029124552384018899,"w":0.547107458114624},"size":10.0,"orthographic":false}