{"cameraMode":{"drawMode":0,"name":"Shaded","section":"Shading Mode"},"sceneLighting":false,"audioPlay":false,"sceneViewState":{"showFog":true,"showMaterialUpdate":false,"showSkybox":false,"showFlares":true,"showImageEffects":true,"showParticleSystems":true},"in2DMode":false,"pivot":{"x":-3.3026833534240724,"y":-14.118180274963379,"z":-41.87278366088867},"rotation":{"x":0.006803516298532486,"y":-0.9815983176231384,"z":0.18776081502437592,"w":0.03530922532081604},"size":21.32564353942871,"orthographic":false}