{"cameraMode":{"drawMode":0,"name":"Shaded","section":"Shading Mode"},"sceneLighting":true,"audioPlay":false,"sceneViewState":{"showFog":true,"showMaterialUpdate":false,"showSkybox":true,"showFlares":true,"showImageEffects":true,"showParticleSystems":true},"in2DMode":false,"pivot":{"x":-0.5999107360839844,"y":1.5138273239135743,"z":0.846806526184082},"rotation":{"x":-0.11965104937553406,"y":0.6633081436157227,"z":-0.10861681401729584,"w":-0.7306923270225525},"size":1.8350205421447755,"orthographic":false}