{"cameraMode":{"drawMode":0,"name":"Shaded","section":"Shading Mode"},"sceneLighting":false,"audioPlay":false,"sceneViewState":{"showFog":true,"showMaterialUpdate":false,"showSkybox":false,"showFlares":true,"showImageEffects":true,"showParticleSystems":true},"in2DMode":false,"pivot":{"x":0.1207495927810669,"y":-30.138408660888673,"z":26.13315200805664},"rotation":{"x":0.40775448083877566,"y":0.009265132248401642,"z":-0.004191256128251553,"w":0.9130784273147583},"size":21.32564353942871,"orthographic":false}