{"cameraMode":{"drawMode":0,"name":"Shaded","section":"Shading Mode"},"sceneLighting":true,"audioPlay":false,"sceneViewState":{"showFog":true,"showMaterialUpdate":false,"showSkybox":true,"showFlares":true,"showImageEffects":true,"showParticleSystems":true},"in2DMode":false,"pivot":{"x":-1.4003095626831055,"y":2.3983325958251955,"z":4.99864387512207},"rotation":{"x":0.13906145095825196,"y":0.004590874072164297,"z":-0.0006204749806784093,"w":0.9903830289840698},"size":15.568161010742188,"orthographic":false}