{"cameraMode":{"drawMode":0,"name":"Shaded","section":"Shading Mode"},"sceneLighting":false,"audioPlay":false,"sceneViewState":{"showFog":true,"showMaterialUpdate":false,"showSkybox":false,"showFlares":true,"showImageEffects":true,"showParticleSystems":true},"in2DMode":false,"pivot":{"x":-1.6665005683898926,"y":3.840085582851316e-7,"z":1.6665003299713135},"rotation":{"x":-0.18713897466659547,"y":-0.7849516868591309,"z":0.5182082056999207,"w":-0.2834462821483612},"size":2.3567886352539064,"orthographic":false}