{"cameraMode":{"drawMode":0,"name":"Shaded","section":"Shading Mode"},"sceneLighting":true,"audioPlay":false,"sceneViewState":{"showFog":true,"showMaterialUpdate":false,"showSkybox":true,"showFlares":true,"showImageEffects":true,"showParticleSystems":true},"in2DMode":false,"pivot":{"x":13.737239837646485,"y":-4.744574069976807,"z":0.6638352274894714},"rotation":{"x":-0.23573024570941926,"y":-0.6771302819252014,"z":0.24449487030506135,"w":-0.6528836488723755},"size":22.488698959350587,"orthographic":false}