{"cameraMode":{"drawMode":0,"name":"Shaded","section":"Shading Mode"},"sceneLighting":true,"audioPlay":false,"sceneViewState":{"showFog":true,"showMaterialUpdate":false,"showSkybox":true,"showFlares":true,"showImageEffects":true,"showParticleSystems":true},"in2DMode":false,"pivot":{"x":0.1034698486328125,"y":1.1711058616638184,"z":-4.109189987182617},"rotation":{"x":-0.05169792100787163,"y":0.9462376236915588,"z":-0.19133299589157105,"w":-0.2559424638748169},"size":6.454209804534912,"orthographic":false}