{"cameraMode":{"drawMode":0,"name":"Shaded","section":"Shading Mode"},"sceneLighting":true,"audioPlay":false,"sceneViewState":{"showFog":true,"showMaterialUpdate":false,"showSkybox":true,"showFlares":true,"showImageEffects":true,"showParticleSystems":true},"in2DMode":false,"pivot":{"x":7.939394474029541,"y":-5.4523396492004398,"z":19.42548942565918},"rotation":{"x":-0.20667952299118043,"y":-0.05561668053269386,"z":0.011681809090077877,"w":-0.9768397808074951},"size":21.41217041015625,"orthographic":false}