{"cameraMode":{"drawMode":0,"name":"Shaded","section":"Shading Mode"},"sceneLighting":true,"audioPlay":false,"sceneViewState":{"showFog":true,"showMaterialUpdate":false,"showSkybox":true,"showFlares":true,"showImageEffects":true,"showParticleSystems":true},"in2DMode":false,"pivot":{"x":-20.54924201965332,"y":-15.318550109863282,"z":-2.268798828125},"rotation":{"x":0.21837517619132996,"y":-0.7112509608268738,"z":0.2507966160774231,"w":0.6193093657493591},"size":16.38265609741211,"orthographic":false}