{"cameraMode":{"drawMode":0,"name":"Shaded","section":"Shading Mode"},"sceneLighting":false,"audioPlay":false,"sceneViewState":{"showFog":true,"showMaterialUpdate":false,"showSkybox":false,"showFlares":true,"showImageEffects":true,"showParticleSystems":true},"in2DMode":false,"pivot":{"x":-1.2279772758483887,"y":1.2607178688049317,"z":1.9997742176055909},"rotation":{"x":0.0255694929510355,"y":-0.9027058482170105,"z":-0.05423993244767189,"w":-0.4261217713356018},"size":2.056788682937622,"orthographic":false}