{"cameraMode":{"drawMode":0,"name":"Shaded","section":"Shading Mode"},"sceneLighting":false,"audioPlay":false,"sceneViewState":{"showFog":true,"showMaterialUpdate":false,"showSkybox":false,"showFlares":true,"showImageEffects":true,"showParticleSystems":true},"in2DMode":false,"pivot":{"x":-2.442082166671753,"y":0.23119930922985078,"z":6.711216926574707},"rotation":{"x":0.26984307169914248,"y":0.6896300911903381,"z":-0.31298208236694338,"w":0.5947389602661133},"size":21.32564353942871,"orthographic":false}