{"cameraMode":{"drawMode":0,"name":"Shaded","section":"Shading Mode"},"sceneLighting":true,"audioPlay":false,"sceneViewState":{"showFog":true,"showMaterialUpdate":false,"showSkybox":true,"showFlares":true,"showImageEffects":true,"showParticleSystems":true},"in2DMode":false,"pivot":{"x":-50.58000183105469,"y":-89.82598876953125,"z":155.52488708496095},"rotation":{"x":-0.267248272895813,"y":0.1593039184808731,"z":-0.0455426424741745,"w":-0.9494128227233887},"size":97.43254089355469,"orthographic":false}