{"cameraMode":{"drawMode":0,"name":"Shaded","section":"Shading Mode"},"sceneLighting":false,"audioPlay":false,"sceneViewState":{"showFog":true,"showMaterialUpdate":false,"showSkybox":false,"showFlares":true,"showImageEffects":true,"showParticleSystems":true},"in2DMode":false,"pivot":{"x":3.371291399002075,"y":-20.300098419189454,"z":-16.759693145751954},"rotation":{"x":0.010864379815757275,"y":0.9564191102981567,"z":-0.2895790636539459,"w":0.035881418734788898},"size":26.67206382751465,"orthographic":false}