{"cameraMode":{"drawMode":0,"name":"Shaded","section":"Shading Mode"},"sceneLighting":true,"audioPlay":false,"sceneViewState":{"m_AlwaysRefresh":false,"showFog":true,"showSkybox":true,"showFlares":true,"showImageEffects":true,"showParticleSystems":true,"showVisualEffectGraphs":true,"m_FxEnabled":true},"in2DMode":false,"pivot":{"x":1.6144495010375977,"y":1.8487372398376465,"z":-0.9215655326843262},"rotation":{"x":-0.0586661733686924,"y":0.9407604932785034,"z":-0.21859610080718995,"w":-0.25247886776924136},"size":5.381021022796631,"orthographic":false}